{
    "N": 500,
    "NumSentences": 3,
    "hybrid": {
        "mean": 661.3391056060791,
        "stdev": 551.4765426538689,
        "confidence_interval": [
            613.0009435825432,
            709.677267629615
        ],
        "plusminus": 48.338162023535915
    },
    "token-single": {
        "mean": 30.652499675750732,
        "stdev": 20.50967623544769,
        "confidence_interval": [
            28.85478032372096,
            32.450219027780506
        ],
        "plusminus": 1.7977193520297732
    }
}