{
    "N": 500,
    "hybrid": {
        "mean": 231.241042137146,
        "stdev": 216.11382907688642,
        "confidence_interval": [
            212.29817788552543,
            250.18390638876656
        ],
        "plusminus": 18.942864251620563
    },
    "token-single": {
        "mean": 18.493836879730225,
        "stdev": 2.785334450437552,
        "confidence_interval": [
            18.249696036844924,
            18.737977722615526
        ],
        "plusminus": 0.2441408428853009
    }
}